{
  "name": "my-app",
  "private": true,
  "version": "0.0.0",
  "type": "module",
  "scripts": {
    "dev": "vite",
    "build": "vite build",
    "lint": "eslint .",
    "preview": "vite preview"
  },
  "dependencies": {
    "@emotion/react": "^11.14.0",
    "@emotion/styled": "^11.14.0",
    "@mui/icons-material": "^7.1.2",
    "@mui/material": "^7.1.2",
    "autoprefixer": "^10.4.21",
    "axios": "^1.10.0",
    "jspdf": "^3.0.1",
    "jspdf-autotable": "^5.0.2",
    "react": "^19.1.0",
    "react-dom": "^19.1.0",
    "react-router-dom": "^7.6.2",
    "xlsx": "^0.18.5"
  },
  "devDependencies": {
    "@eslint/js": "^9.29.0",
    "@tailwindcss/postcss": "^4.1.10",
    "@types/react": "^19.1.8",
    "@types/react-dom": "^19.1.6",
    "@vitejs/plugin-react": "^4.5.2",
    "eslint": "^9.29.0",
    "eslint-plugin-react-hooks": "^5.2.0",
    "eslint-plugin-react-refresh": "^0.4.20",
    "globals": "^16.2.0",
    "vite": "^7.0.0"
  }
}
